<?xml version="1.0" encoding="UTF-8"?>
<project-private xmlns="http://www.netbeans.org/ns/project-private/1">
    <editor-bookmarks xmlns="http://www.netbeans.org/ns/editor-bookmarks/2" lastBookmarkId="0"/>
    <open-files xmlns="http://www.netbeans.org/ns/projectui-open-files/2">
        <group>
            <file>file:/F:/Java%20Projects/LabAssignment4/src/labassignment4/LabAssignment4.java</file>
            <file>file:/F:/Java%20Projects/LabAssignment4/src/labassignment4/LayoutGUI.fxml</file>
            <file>file:/F:/Java%20Projects/LabAssignment4/src/labassignment4/layoutgui.css</file>
            <file>file:/F:/Java%20Projects/LabAssignment4/src/labassignment4/LayoutGUIController.java</file>
        </group>
    </open-files>
</project-private>
